fecha,platform,duracion,pais,cancion,artista,album,reason_start,reason_end,shuffle,skipped,en_concierto,género,tavg_x,tmin_x,tmax_x,prcp_x,wspd_x,pres_x,Clima,tavg_y,tmin_y,tmax_y,prcp_y,wdir,wspd_y,pres_y
2023-05-01,android,212440,ES,Mysterious Times,Tina Cousins,Killing Time,playbtn,trackdone,True,False,False,eurodance,14.1,8.5,19.1,14.1,13.8,1020.8,2023-05-01,19.5,12.1,26.6,0.0,45.0,11.2,1017.7
2023-05-01,android,251866,ES,Los Seres Que Me Llenan,IZAL,Copacabana,trackdone,trackdone,True,False,False,indie,14.1,8.5,19.1,14.1,13.8,1020.8,2023-05-01,19.5,12.1,26.6,0.0,45.0,11.2,1017.7
2023-05-01,android,198506,ES,La Quiero a Morir (feat. Alejandro Sanz),Jarabe De Palo,¿Y Ahora Que Hacemos?,playbtn,trackdone,True,False,False,"rock en español, latin rock, latin alternative",14.1,8.5,19.1,14.1,13.8,1020.8,2023-05-01,19.5,12.1,26.6,0.0,45.0,11.2,1017.7
2023-05-01,android,190186,ES,Lieblingsmensch,Namika,Nador,fwdbtn,trackdone,True,False,False,german pop,14.1,8.5,19.1,14.1,13.8,1020.8,2023-05-01,19.5,12.1,26.6,0.0,45.0,11.2,1017.7
2023-05-01,android,197320,ES,La Lola,Café Quijano,La Extraordinaria Paradoja Del Sonido Quijano,trackdone,trackdone,True,False,False,"bolero, rock en español",14.1,8.5,19.1,14.1,13.8,1020.8,2023-05-01,19.5,12.1,26.6,0.0,45.0,11.2,1017.7
2023-08-01,android,158464,ES,MERCHO,LiL CaKe,MERCHO,playbtn,logout,True,False,False,argentine trap,19.1,15.1,23.1,57.2,11.4,1012.8,2023-08-01,29.3,21.2,36.6,0.0,283.0,11.5,1013.4
2023-08-01,android,100536,ES,Mami Chula,JHAYCO,Mami Chula,trackdone,logout,True,False,False,"reggaeton, trap latino, urbano latino",19.1,15.1,23.1,57.2,11.4,1012.8,2023-08-01,29.3,21.2,36.6,0.0,283.0,11.5,1013.4
2024-03-01,ios,26107,ES,Tá OK (Remix),DENNIS,Tá OK (Remix),playbtn,fwdbtn,True,True,False,"funk, brazilian funk, funk carioca, funk pop, funk melody",8.5,3.5,13.1,35.3,12.6,1010.3,2024-03-01,6.5,3.2,13.2,0.0,267.0,19.5,1019.4
2024-03-01,ios,259195,ES,Vente Pa' Ca (feat. Maluma),Ricky Martin,Vente Pa' Ca (feat. Maluma),trackdone,trackdone,True,False,False,"latin pop, latin",8.5,3.5,13.1,35.3,12.6,1010.3,2024-03-01,6.5,3.2,13.2,0.0,267.0,19.5,1019.4
2024-03-01,ios,164093,ES,SIRI,Romeo Santos,"Fórmula, Vol. 3",trackdone,trackdone,True,False,False,"bachata, bachata pop, latin",8.5,3.5,13.1,35.3,12.6,1010.3,2024-03-01,6.5,3.2,13.2,0.0,267.0,19.5,1019.4
2024-03-01,ios,206710,ES,Yonaguni,Bad Bunny,Yonaguni,trackdone,trackdone,True,False,False,"reggaeton, trap latino, latin, urbano latino",8.5,3.5,13.1,35.3,12.6,1010.3,2024-03-01,6.5,3.2,13.2,0.0,267.0,19.5,1019.4
2024-03-01,ios,144018,ES,Linda,Tokischa,Linda,trackdone,trackdone,True,False,False,"dembow, neoperreo",8.5,3.5,13.1,35.3,12.6,1010.3,2024-03-01,6.5,3.2,13.2,0.0,267.0,19.5,1019.4
2024-03-01,ios,83387,ES,Volver a Casa,Pedro Capó,Volver a Casa,trackdone,fwdbtn,True,True,False,"latin pop, latin",8.5,3.5,13.1,35.3,12.6,1010.3,2024-03-01,6.5,3.2,13.2,0.0,267.0,19.5,1019.4
2024-03-01,ios,194742,ES,Robarte un Beso,Carlos Vives,VIVES,fwdbtn,trackdone,True,False,False,"colombian pop, vallenato, latin, latin pop",8.5,3.5,13.1,35.3,12.6,1010.3,2024-03-01,6.5,3.2,13.2,0.0,267.0,19.5,1019.4
2024-03-01,ios,237900,ES,La Historia,El Taiger,La Historia,trackdone,trackdone,True,False,False,timba,8.5,3.5,13.1,35.3,12.6,1010.3,2024-03-01,6.5,3.2,13.2,0.0,267.0,19.5,1019.4
2024-05-01,ios,186341,ES,"Patadas de Ahogado / LATÍN MAFIA, HUMBE - Rework",HUGEL,"Patadas de Ahogado / LATÍN MAFIA, HUMBE",playbtn,trackdone,True,False,False,"latin house, afro house, tech house",17.2,12.2,21.9,34.5,12.8,1014.0,2024-05-01,9.8,6.1,15.0,0.1,256.0,18.6,1011.7
2024-05-01,ios,186133,ES,Hecha Pa' Mi,Boza,Más Negro Que Rojo,fwdbtn,trackdone,True,False,False,"reggaeton, urbano latino",17.2,12.2,21.9,34.5,12.8,1014.0,2024-05-01,9.8,6.1,15.0,0.1,256.0,18.6,1011.7
2024-06-01,ios,345240,ES,La Jeepeta - Remix,Nio Garcia,La Jeepeta (Remix),trackdone,trackdone,True,False,False,"reggaeton, trap latino",17.9,13.1,22.2,48.5,12.0,1013.0,2024-06-01,19.8,12.2,27.5,0.0,43.0,19.2,1014.7
2024-06-01,ios,191094,ES,5 Estrellas,Reik,5 Estrellas,trackdone,trackdone,True,False,False,latin pop,17.9,13.1,22.2,48.5,12.0,1013.0,2024-06-01,19.8,12.2,27.5,0.0,43.0,19.2,1014.7
2024-06-01,ios,188894,ES,Una Vaina Loca,Fuego,Una Vaina Loca,trackdone,trackdone,True,False,False,"trap latino, reggaeton",17.9,13.1,22.2,48.5,12.0,1013.0,2024-06-01,19.8,12.2,27.5,0.0,43.0,19.2,1014.7
