fecha,platform,duracion,pais,cancion,artista,album,reason_start,reason_end,shuffle,skipped,en_concierto,género
2023-02-24,android,9591,ES,Si Tú Me Llamas - BSO Tadeo Jones 3,Omar Montes,Si Tú Me Llamas,playbtn,endplay,True,True,False,"flamenco, flamenco urbano, flamenco pop"
2023-02-24,android,162637,ES,La Bachata,Manuel Turizo,La Bachata,trackdone,trackdone,True,False,False,"reggaeton, latin, colombian pop"
2023-02-24,android,18799,ES,K alegría,DELLAFUENTE,K alegría,trackdone,endplay,True,True,False,"flamenco urbano, flamenco"
2023-02-24,android,214846,ES,One Kiss (with Dua Lipa),Calvin Harris,One Kiss (with Dua Lipa),trackdone,trackdone,True,False,False,edm
2023-02-27,android,228400,ES,Quiero morir en tu veneno,Alejandro Sanz,Coleccion definitiva,playbtn,logout,True,False,False,latin pop
2023-03-22,android,18047,ES,SERÁ,Andrés Suárez,Viaje de Vida y Vuelta,playbtn,endplay,True,True,False,"singer-songwriter, trova"
2023-03-23,android,122805,ES,Ya Verás (with Andrés Suárez),Funambulista,Dual,trackdone,logout,True,False,False,singer-songwriter
2023-03-24,android,4642,ES,"Estoy Contigo (feat. Ana Torroja, Andrés Suárez, David Otero, Funambulista, India Martinez, Iván Ferreiro, Maldita Nerea, Melendi, Rozalén & Vanesa Martin)",La Oreja de Van Gogh,"Estoy Contigo (feat. Ana Torroja, Andrés Suárez, David Otero, Funambulista, India Martinez, Iván Ferreiro, Maldita Nerea, Melendi, Rozalén & Vanesa Martin)",trackdone,fwdbtn,True,True,False,latin pop
2023-03-24,android,217813,ES,Nomeolvides,Dani Flaco,Al Alimón,trackdone,trackdone,True,False,False,singer-songwriter
2023-03-24,android,245885,ES,Del Amor en General y de Ti en Particular,Marwán,Apuntes Sobre Mi Paso por el Invierno,playbtn,trackdone,True,False,False,"singer-songwriter, trova, nueva trova"
2023-04-05,windows,285133,ES,More Than a Feeling,Boston,Boston,playbtn,endplay,False,True,False,"classic rock, album rock"
2023-04-05,windows,11920,ES,Two Of Us - Remastered 2009,The Beatles,Let It Be,playbtn,endplay,False,True,False,"classic rock, psychedelic rock"
2023-04-05,windows,289813,ES,I Was Born To Love You - 2011 Remaster,Queen,Made In Heaven - Deluxe Edition 2011 Remaster,trackdone,trackdone,False,False,False,"classic rock, rock, glam rock"
2023-04-05,windows,187720,ES,She,Elvis Costello,In Motion Pictures,trackdone,trackdone,False,False,False,power pop
2023-04-05,windows,46708,ES,Oh Very Young,Yusuf / Cat Stevens,Buddha And The Chocolate Box,trackdone,endplay,False,True,False,"folk rock, folk, singer-songwriter"
2023-04-12,android,395733,ES,"Oh, Pretty Woman",Roy Orbison,Black & White Night,playbtn,trackdone,True,False,False,rockabilly
2023-04-13,android,24671,ES,Sintiéndolo Mucho (feat. Leiva),Joaquín Sabina,Sintiéndolo Mucho (feat. Leiva),playbtn,fwdbtn,True,True,False,"trova, singer-songwriter, nueva trova"
2023-04-13,android,242853,ES,Justo Cuando El Mundo Apriete,Viva Suecia,El Amor De La Clase Que Sea,fwdbtn,trackdone,True,False,False,indie
2023-04-13,android,240732,ES,Quiereme,Johnny Sky,Johnny Sky,playbtn,trackdone,True,False,False,"bachata, bachata pop"
2023-04-13,android,279440,ES,Sunday Bloody Sunday - Remastered 2008,U2,War,trackdone,trackdone,True,False,False,rock
2023-04-13,android,27536,ES,All Around The World,Paulina Rubio,Brava!,trackdone,fwdbtn,True,True,False,latin pop
2023-04-13,android,157964,ES,La Verdad,Siloé,La Verdad,trackdone,trackdone,False,False,False,indie
2023-04-20,android,219400,ES,Vuelvo a Verte (with Pablo Alborán),Malú,Dual,playbtn,trackdone,True,False,False,"flamenco pop, flamenco"
2023-04-20,android,223853,ES,I Know What You Did Last Summer,Shawn Mendes,Handwritten,trackdone,trackdone,True,False,False,pop
2023-04-20,android,2274,ES,Mi Reina,Henry Mendez,Dale Mambo,trackdone,fwdbtn,True,True,False,reggaeton
2023-04-20,android,179960,ES,Sun Goes Down (feat. Jasmine Thompson) - Radio Mix,Robin Schulz,Prayer,fwdbtn,trackdone,True,False,False,tropical house
2023-04-21,android,200373,ES,90 Minutos,India Martinez,Trece Verdades,trackdone,trackdone,True,False,False,"flamenco, flamenco pop"
2023-04-22,android,224761,ES,Si Tú La Quieres,David Bisbal,Si Tú La Quieres,trackdone,trackdone,True,False,False,latin pop
2023-04-22,android,243786,ES,Runaways,The Killers,Battle Born,trackdone,trackdone,True,False,False,alternative rock
2023-04-26,android,4213,ES,DUELE EL CORAZON (feat. Wisin),Enrique Iglesias,DUELE EL CORAZON (feat. Wisin),trackdone,fwdbtn,True,True,False,"latin pop, latin"
2023-04-26,android,197266,ES,One Last Time,Ariana Grande,My Everything - Deluxe,trackdone,endplay,True,True,False,pop
2023-04-26,android,427800,ES,"No Woman, No Cry - Live At The Lyceum, London/1975",Bob Marley & The Wailers,Live!,trackdone,trackdone,True,False,False,"reggae, roots reggae"
2023-04-28,android,261153,ES,Castle on the Hill,Ed Sheeran,Castle on the Hill,fwdbtn,trackdone,True,False,False,soft pop
2023-04-28,android,181786,ES,Euphoria - Single Version,Loreen,Euphoria,trackdone,trackdone,True,False,False,europop
2023-04-28,android,206261,ES,Reggaetón Lento (Bailemos),CNCO,Primera Cita,trackdone,logout,True,False,False,"reggaeton, latin"
2023-04-28,android,34467,ES,You Give Love A Bad Name,Bon Jovi,Slippery When Wet,trackdone,fwdbtn,True,True,False,"glam metal, rock"
2023-04-28,android,208173,ES,Girl Is on My Mind,The Black Keys,Rubber Factory,trackdone,trackdone,True,False,False,"blues rock, garage rock, modern blues, rock"
2023-04-28,android,171798,ES,Desde Esa Noche (feat. Maluma),Thalia,Latina,trackdone,logout,True,False,False,latin pop
2023-04-29,android,197386,ES,Andar Conmigo,Julieta Venegas,Lo Esencial de Amor del Bueno,trackdone,trackdone,True,False,False,"latin pop, latin rock"
2023-04-29,android,9332,ES,Tomorrow,Gianluca,Tomorrow,fwdbtn,fwdbtn,True,True,False,"rock en español, italian singer-songwriter"
2023-04-29,android,229064,ES,Besos Moja2,Wisin & Yandel,La Última Misión,trackdone,trackdone,True,False,False,"reggaeton, urbano latino"
2023-04-29,android,197933,ES,TQG,KAROL G,MAÑANA SERÁ BONITO,trackdone,trackdone,True,False,False,"reggaeton, latin, urbano latino"
2023-04-29,android,72457,ES,CHORRITO PA LAS ANIMAS,Feid,SIXDO,trackdone,fwdbtn,True,True,False,"reggaeton, urbano latino"
2023-04-29,android,204960,ES,Que te vaya bien,Rvfv,Que te vaya bien,fwdbtn,trackdone,True,False,False,"flamenco urbano, flamenco"
2023-04-29,android,194543,ES,BESO,ROSALÍA,RR,trackdone,trackdone,True,False,False,latin
2023-04-29,android,214945,ES,"Shakira: Bzrp Music Sessions, Vol. 53",Bizarrap,"Shakira: Bzrp Music Sessions, Vol. 53",trackdone,trackdone,True,False,False,"argentine trap, trap latino, urbano latino"
2023-04-29,android,220000,ES,Mi Nena Remix,Maikel Delacalle,Mi Nena Remix,trackdone,trackdone,True,False,False,"trap latino, latin r&b"
2023-04-29,android,163240,ES,MI DROGA,Myke Towers,LA VIDA ES UNA,trackdone,trackdone,True,False,False,"reggaeton, trap latino, urbano latino"
2023-04-29,android,143275,ES,PUNTO G,Quevedo,DONDE QUIERO ESTAR,trackdone,logout,True,False,False,reggaeton
2023-05-01,android,212440,ES,Mysterious Times,Tina Cousins,Killing Time,playbtn,trackdone,True,False,False,eurodance
2023-05-01,android,251866,ES,Los Seres Que Me Llenan,IZAL,Copacabana,trackdone,trackdone,True,False,False,indie
2023-05-01,android,198506,ES,La Quiero a Morir (feat. Alejandro Sanz),Jarabe De Palo,¿Y Ahora Que Hacemos?,playbtn,trackdone,True,False,False,"rock en español, latin rock, latin alternative"
2023-05-01,android,190186,ES,Lieblingsmensch,Namika,Nador,fwdbtn,trackdone,True,False,False,german pop
2023-05-01,android,197320,ES,La Lola,Café Quijano,La Extraordinaria Paradoja Del Sonido Quijano,trackdone,trackdone,True,False,False,"bolero, rock en español"
2023-05-04,android,203313,ES,Million Reasons,Lady Gaga,Joanne,trackdone,endplay,True,True,False,"art pop, pop"
2023-05-04,android,8122,ES,La Casa de la Bomba / Haz el Amor - Versión 2022,Brighton 64,Más de Lo Mismo,fwdbtn,fwdbtn,True,True,False,power pop
2023-05-04,android,7815,ES,Behind The Trees,Capsula,Phantasmaville,fwdbtn,fwdbtn,True,True,False,space rock
2023-05-04,android,2337,ES,Han Caído Los Dos - Auserón/Auserón,Los DelTonos,Sixpack Vol.2,fwdbtn,fwdbtn,True,True,False,"blues, blues rock"
2023-05-11,android,150141,ES,Estrecho / Alvarado (feat. pablopablo),C. Tangana,Avida Dollars,playbtn,trackdone,True,False,False,flamenco
2023-05-16,android,13765,ES,I Like It,Hot Shade,I Like It,fwdbtn,fwdbtn,True,True,False,tropical house
2023-05-31,android,157655,ES,Easier,Ruben,Easier,trackdone,trackdone,True,False,False,"salsa, salsa romantica, latin jazz, merengue, son cubano"
2023-05-31,android,177260,ES,BlimE,Emma Steinbakken,BlimE,appload,trackdone,True,False,False,norwegian pop
2023-05-31,android,215600,ES,VAGABUNDO,Sebastian Yatra,VAGABUNDO,trackdone,trackdone,True,False,False,"colombian pop, reggaeton, latin"
2023-05-31,android,162740,ES,Clavaito,Chanel,Clavaito,trackdone,trackdone,True,False,False,bachata
2023-06-03,android,234938,ES,Víveme (with Alejandro Sanz 2013),Laura Pausini,Víveme,playbtn,trackdone,True,False,False,"latin pop, italo dance"
2023-06-03,android,54557,ES,Vuelvo por Ti,Joanna Crass,Vuelvo por Ti,trackdone,endplay,True,True,False,indie r&b
2023-06-03,android,210733,ES,No soy una de esas (feat. Alejandro Sanz),Jesse & Joy,Un Besito Más,fwdbtn,trackdone,True,False,False,latin pop
2023-06-03,android,216733,ES,Almendrón,Son Dos,Almendrón,trackdone,trackdone,True,False,False,"timba, son cubano, salsa"
2023-06-03,android,212893,ES,La Tortura (feat. Alejandro Sanz),Shakira,"Fijación Oral, Vol. 1",trackdone,trackdone,True,False,False,"latin pop, latin"
2023-07-17,android,234352,ES,La Bebe - Remix,Yng Lvcas,La Bebe,trackdone,trackdone,True,False,False,"reggaeton mexa, reggaeton, electro corridos"
2023-07-17,android,174369,ES,Cupido,TINI,Cupido,trackdone,trackdone,True,False,False,latin pop
2023-07-17,android,26293,ES,MOJABI GHOST,Tainy,DATA,trackdone,fwdbtn,True,True,False,reggaeton
2023-07-17,android,216148,ES,Yandel 150,Yandel,Resistencia,trackdone,trackdone,True,False,False,"reggaeton, urbano latino, latin"
2023-07-17,android,9281,ES,Esta Vida,Marshmello,Esta Vida,playbtn,fwdbtn,True,True,False,edm
2023-07-22,android,54053,ES,Soy,Eros Ramazzotti,Soy,trackdone,fwdbtn,True,True,False,italo dance
2023-07-22,android,37245,ES,Cuenta Pendiente,Paty Cantú,#333,fwdbtn,endplay,True,True,False,latin pop
2023-07-24,android,100514,ES,El Sitio De Mi Recreo,Antonio Vega,Oceano De Sol,appload,fwdbtn,False,True,False,singer-songwriter
2023-07-24,android,9136,ES,Maldita Dulzura,Vetusta Morla,Mapas,trackdone,logout,False,False,False,indie
2023-07-26,android,155789,ES,Solita y SueltAAA,Rels B,AfroLOVA' 23,trackdone,trackdone,True,False,False,"urbano latino, trap latino"
2023-07-26,android,220173,ES,Mi Lova,Bad Gyal,Mi Lova,trackdone,trackdone,True,False,False,neoperreo
2023-07-26,android,52845,ES,Se Grita,Morad,Reinsertado,trackdone,logout,True,False,False,drill
2023-07-26,android,26346,ES,Cafe Malibú,Sech,Cafe Malibú,trackdone,fwdbtn,True,True,False,"reggaeton, urbano latino"
2023-07-26,android,128677,ES,Rara Vez,Taiu,Rara Vez,fwdbtn,trackdone,True,False,False,argentine trap
2023-07-26,android,209415,ES,TULUM,Peso Pluma,GÉNESIS,fwdbtn,trackdone,True,False,False,"corrido, corridos tumbados, corridos bélicos, música mexicana, sad sierreño, electro corridos, banda"
2023-07-26,android,264,ES,El Cielo,Sky Rompiendo,El Cielo,trackdone,logout,True,False,False,reggaeton
2023-08-01,android,158464,ES,MERCHO,LiL CaKe,MERCHO,playbtn,logout,True,False,False,argentine trap
2023-08-01,android,100536,ES,Mami Chula,JHAYCO,Mami Chula,trackdone,logout,True,False,False,"reggaeton, trap latino, urbano latino"
2023-08-08,android,144840,ES,Aunque tú no lo sepas,Enrique Urquijo y Los problemas,Desde Que No Nos Vemos,trackdone,trackdone,False,False,False,singer-songwriter
2023-09-20,android,181477,ES,Substitution (feat. Julian Perretta),Purple Disco Machine,Substitution (feat. Julian Perretta),trackdone,trackdone,True,False,False,"disco house, nu disco, funky house, house"
2023-09-20,android,169245,ES,RAVE,Dxrk ダーク,RAVE,fwdbtn,trackdone,True,False,False,"phonk, drift phonk"
2023-09-20,android,236000,ES,Where You Are,John Summit,Where You Are,trackdone,trackdone,True,False,False,"tech house, house"
2023-09-20,android,92898,ES,Upside Down,DiscoTime,Upside Down,trackdone,logout,True,False,False,bass house
2023-09-25,android,2298,ES,Feel It - Club Edit,Jazzy,Feel It,trackdone,endplay,True,True,False,"hard techno, techno, industrial, tekno, hardcore techno"
2023-09-25,android,260952,ES,LACONE,Polimá Westcoast,LACONE,trackdone,trackdone,True,False,False,"chilean trap, reggaeton chileno, chilean mambo"
2023-09-25,android,149471,ES,Underground,Emilia,Underground,trackdone,trackdone,True,False,False,argentine trap
2023-09-25,android,160733,ES,Pegao,Camilo,Pegao,trackdone,trackdone,True,False,False,colombian pop
2023-09-25,android,200769,ES,CALOR,Nicky Jam,CALOR,trackdone,trackdone,True,False,False,"reggaeton, latin"
2023-09-25,android,64787,ES,PUNTO 40,Rauw Alejandro,SATURNO,trackdone,endplay,True,True,False,"reggaeton, urbano latino, trap latino, latin"
2023-09-25,android,166734,ES,COCO LOCO,Maluma,Don Juan,trackdone,trackdone,True,False,False,"reggaeton, latin, urbano latino"
2023-09-25,android,348400,ES,Corazón Roto pt. 3,Brray,Corazón Roto pt. 3,trackdone,trackdone,True,False,False,"reggaeton, urbano latino"
2023-09-25,android,160535,ES,CORAZÓN VACÍO,Maria Becerra,CORAZÓN VACÍO,trackdone,trackdone,True,False,False,argentine trap
2023-10-30,android,49413,ES,Slowly,Natalia Lafourcade,"Giralunas, Un Homenaje a L.E.Aute",fwdbtn,endplay,True,True,False,"latin folk, bolero, latin indie, latin alternative"
2023-10-30,android,14454,ES,Nada por Hecho (feat. Leiva),Siddhartha,Nada por Hecho (feat. Leiva),playbtn,endplay,False,True,False,"mexican indie, latin indie, latin alternative, rock en español"
2023-11-25,ios,184341,ES,Óxido,Kany García,Mesa Para Dos,trackdone,trackdone,True,False,False,latin pop
2023-11-25,ios,213371,ES,Lo Siento,No Te Va Gustar,Lo Siento,trackdone,trackdone,True,False,False,"argentine rock, latin rock, rock en español, latin alternative"
2023-11-25,ios,13807,ES,Mundo de Cristal,Conociendo Rusia,La Dirección,fwdbtn,logout,True,False,False,"latin indie, argentine rock"
2023-11-26,ios,164306,ES,Alguien (feat. Leiva),Abel Pintos,11,trackdone,trackdone,True,False,False,"folklore argentino, cuarteto"
2023-11-26,ios,247529,ES,Quiéreme Bien (feat. Leiva),Macaco,Quiéreme Bien (feat. Leiva),trackdone,fwdbtn,True,True,False,"spanish-language reggae, latin alternative"
2023-11-27,ios,196325,ES,Grillos,Travis Birds,Grillos,trackdone,trackdone,True,False,False,singer-songwriter
2023-11-27,ios,230360,ES,Noche Oscura (feat. Leiva),Depedro,Noche Oscura (feat. Leiva),trackdone,trackdone,True,False,False,singer-songwriter
2023-11-28,ios,98188,ES,La Salvación,Arde Bogotá,COWBOYS DE LA A3,trackdone,fwdbtn,True,True,False,indie
2023-11-28,ios,20503,ES,La gula,Mikel Izal,La gula,fwdbtn,endplay,True,True,False,indie
2024-02-03,ios,8614,ES,BESO EN LA MAÑANA,Dellacruz,BESO EN LA MAÑANA,playbtn,endplay,True,True,False,flamenco pop
2024-02-07,ios,243806,ES,Casanova,Soolking,Casanova,fwdbtn,trackdone,False,False,True,pop urbaine
2024-02-07,ios,210528,ES,Rueda,Chimbala,Rueda,trackdone,trackdone,False,False,False,dembow
2024-02-14,ios,19050,ES,Lucha De Gigantes,Nacha Pop,El Momento,playbtn,unexpected-exit-while-paused,True,False,False,rock en español
2024-02-14,ios,27306,ES,China,Anuel AA,China,playbtn,fwdbtn,True,True,False,"reggaeton, trap latino, urbano latino, latin"
2024-02-14,ios,243898,ES,Una Foto Remix (feat. Emilia),Mesita,Una Foto Remix (feat. Emilia),trackdone,trackdone,True,False,False,"rkt, turreo, argentine trap, trap"
2024-02-17,ios,58824,ES,leavemealone,Fred again..,leavemealone,playbtn,fwdbtn,True,True,False,"stutter house, house"
2024-02-17,ios,120522,ES,Would You (go to bed with me?),Campbell,Would You (go to bed with me?),trackdone,trackdone,True,False,False,drum and bass
2024-02-17,ios,150000,ES,Buscando Money,TWENTY SIX,Buscando Money,playbtn,trackdone,True,False,False,"latin house, tech house"
2024-02-21,ios,338000,ES,Los del Espacio,LIT killah,Los del Espacio,fwdbtn,trackdone,True,False,False,"argentine trap, trap latino, trap, urbano latino"
2024-02-21,ios,206070,ES,Bam Bam (feat. Ed Sheeran),Camila Cabello,Familia,trackdone,trackdone,True,False,False,pop
2024-02-21,ios,166529,ES,Arranca (feat. Omega),Becky G,Arranca (feat. Omega),trackdone,trackdone,True,False,False,"reggaeton, latin"
2024-02-28,ios,112867,ES,Que Tire Pa Lante,Daddy Yankee,Que Tire Pa Lante,trackdone,endplay,True,True,False,"reggaeton, latin"
2024-02-29,ios,261582,ES,Poblado - Remix,J Balvin,JOSE,trackdone,fwdbtn,True,True,False,"reggaeton, latin"
2024-02-29,ios,121085,ES,Una Locura,Ozuna,ENOC,trackdone,fwdbtn,True,True,False,"reggaeton, latin, trap latino, urbano latino"
2024-03-01,ios,26107,ES,Tá OK (Remix),DENNIS,Tá OK (Remix),playbtn,fwdbtn,True,True,False,"funk, brazilian funk, funk carioca, funk pop, funk melody"
2024-03-01,ios,259195,ES,Vente Pa' Ca (feat. Maluma),Ricky Martin,Vente Pa' Ca (feat. Maluma),trackdone,trackdone,True,False,False,"latin pop, latin"
2024-03-01,ios,164093,ES,SIRI,Romeo Santos,"Fórmula, Vol. 3",trackdone,trackdone,True,False,False,"bachata, bachata pop, latin"
2024-03-01,ios,206710,ES,Yonaguni,Bad Bunny,Yonaguni,trackdone,trackdone,True,False,False,"reggaeton, trap latino, latin, urbano latino"
2024-03-01,ios,144018,ES,Linda,Tokischa,Linda,trackdone,trackdone,True,False,False,"dembow, neoperreo"
2024-03-01,ios,83387,ES,Volver a Casa,Pedro Capó,Volver a Casa,trackdone,fwdbtn,True,True,False,"latin pop, latin"
2024-03-01,ios,194742,ES,Robarte un Beso,Carlos Vives,VIVES,fwdbtn,trackdone,True,False,False,"colombian pop, vallenato, latin, latin pop"
2024-03-01,ios,237900,ES,La Historia,El Taiger,La Historia,trackdone,trackdone,True,False,False,timba
2024-03-08,ios,212040,ES,Make You Feel My Love,Adele,19,trackdone,trackdone,True,False,False,soft pop
2024-03-09,ios,42338,ES,Saturno,Pablo Alborán,Prometo,trackdone,endplay,True,True,False,latin pop
2024-03-12,ios,53313,ES,Baila Conmigo (feat. Kelly Ruiz),Dayvi,Baila Conmigo (feat. Kelly Ruiz),playbtn,logout,True,False,False,guaracha
2024-03-12,ios,211998,ES,Tan Bonita,Piso 21,El Amor En Los Tiempos Del Perreo,trackdone,trackdone,True,False,False,"reggaeton, colombian pop, pop urbano"
2024-03-14,ios,46389,ES,Monastery,Ryan Castro,Monastery,trackdone,fwdbtn,True,True,False,reggaeton
2024-03-16,ios,28563,ES,SI SABE FERXXO,Blessd,SI SABE,trackdone,endplay,False,True,False,"reggaeton, urbano latino"
2024-03-25,ios,169997,ES,Que Calor (with J Balvin & El Alfa),Major Lazer,Que Calor (with J Balvin & El Alfa),trackdone,trackdone,True,False,False,moombahton
2024-04-02,ios,224680,ES,Contra La Pared,Sean Paul,Contra La Pared,trackdone,trackdone,True,False,False,dancehall
2024-04-02,ios,187350,ES,Hasta Que Se Seque el Malecón,Jacob Forever,El Inmortal,trackdone,trackdone,True,False,False,"reggaeton, latin"
2024-04-02,ios,226161,ES,"Azukita (Steve Aoki, Daddy Yankee, Play-N-Skillz & Elvis Crespo) (feat. Elvis Crespo)",Steve Aoki,"Azukita (Steve Aoki, Daddy Yankee, Play-N-Skillz & Elvis Crespo) (feat. Elvis Crespo)",trackdone,trackdone,True,False,False,"electro house, edm"
2024-04-02,ios,209333,ES,After Party,Alex Sensation,After Party,trackdone,trackdone,True,False,False,reggaeton
2024-04-12,ios,158711,ES,El Conjuntito,El Bobe,El Conjuntito,trackdone,trackdone,True,False,False,drill
2024-04-14,ios,183428,ES,Thalía,Cyril Kamer,Thalía,trackdone,endplay,True,True,False,drill
2024-05-01,ios,186341,ES,"Patadas de Ahogado / LATÍN MAFIA, HUMBE - Rework",HUGEL,"Patadas de Ahogado / LATÍN MAFIA, HUMBE",playbtn,trackdone,True,False,False,"latin house, afro house, tech house"
2024-05-01,ios,186133,ES,Hecha Pa' Mi,Boza,Más Negro Que Rojo,fwdbtn,trackdone,True,False,False,"reggaeton, urbano latino"
2024-05-07,ios,216752,ES,No Se Va,Morat,Balas Perdidas,fwdbtn,trackdone,True,False,False,"colombian pop, latin pop"
2024-05-07,ios,164365,ES,Martini,Dei V,Martini,trackdone,trackdone,True,False,False,"trap latino, urbano latino"
2024-05-11,ios,5665,ES,Adrenalina (feat. Jennifer Lopez & Ricky Martin),Wisin,El Regreso del Sobreviviente (Deluxe Edition),playbtn,fwdbtn,True,True,False,"reggaeton, urbano latino"
2024-05-14,ios,20827,ES,Volví,Aventura,Volví,fwdbtn,unexpected-exit-while-paused,True,False,False,"bachata, bachata pop"
2024-05-14,ios,192698,ES,Carita de Inocente (feat. Myke Towers) - Remix,Prince Royce,Carita de Inocente (feat. Myke Towers),trackdone,trackdone,True,False,False,"bachata, latin, bachata pop"
2024-05-14,ios,76116,ES,offline,Young Miko,att.,trackdone,endplay,True,True,False,trap latino
2024-05-14,ios,192452,ES,Dream Girl - Remix,Ir Sais,Dream Girl,trackdone,trackdone,True,False,False,kizomba
2024-05-23,ios,16030,ES,Desconocidos,Mau y Ricky,Para Aventuras y Curiosidades,trackdone,unexpected-exit-while-paused,True,False,False,"reggaeton, latin pop"
2024-05-23,ios,38713,ES,Kapun,Diego Torres,Kapun,trackdone,fwdbtn,True,True,False,"latin pop, colombian pop"
2024-05-23,ios,12167,ES,El Incomprendido,Farruko,La 167,fwdbtn,endplay,True,True,False,"reggaeton, trap latino, latin"
2024-05-24,ios,331093,ES,Dear Boy - Avicii By Avicii,Avicii,True: Avicii By Avicii,playbtn,trackdone,True,False,False,edm
2024-05-24,ios,360960,ES,Sunshine,David Guetta,Nothing but the Beat,trackdone,trackdone,True,False,False,"edm, dance"
2024-05-25,ios,166536,ES,HOLA PERDIDA,Luck Ra,HOLA PERDIDA,trackdone,trackdone,True,False,False,"cuarteto, cumbia, argentine trap"
2024-05-31,ios,196800,ES,ELLA TIENE,NATHY PELUSO,ELLA TIENE,fwdbtn,trackdone,True,False,False,latin hip hop
2024-05-31,ios,65920,ES,Sabe,Nicki Nicole,Sabe,trackdone,fwdbtn,True,True,False,argentine trap
2024-06-01,ios,345240,ES,La Jeepeta - Remix,Nio Garcia,La Jeepeta (Remix),trackdone,trackdone,True,False,False,"reggaeton, trap latino"
2024-06-01,ios,191094,ES,5 Estrellas,Reik,5 Estrellas,trackdone,trackdone,True,False,False,latin pop
2024-06-01,ios,188894,ES,Una Vaina Loca,Fuego,Una Vaina Loca,trackdone,trackdone,True,False,False,"trap latino, reggaeton"
2024-06-02,ios,36199,ES,La Envidia,Yoskar Sarante,La Envidia,trackdone,endplay,False,True,False,"bachata, merengue"
2024-06-02,ios,27190,ES,Quíteme La Inocencia,Henry Santos,2.0,playbtn,endplay,False,True,False,"bachata, bachata pop"
2024-06-02,ios,193038,ES,Santa,Rvssian,Santa,fwdbtn,trackdone,False,False,False,trap latino
2024-06-02,ios,145532,ES,Gata Only,FloyyMenor,Gata Only,trackdone,unexpected-exit-while-paused,False,False,False,"reggaeton chileno, chilean trap"
2024-06-02,ios,198081,ES,HUMO,Chencho Corleone,HUMO,trackdone,trackdone,True,False,False,reggaeton
2024-06-03,ios,134962,ES,Ella Baila Sola,Eslabon Armado,DESVELADO,trackdone,unexpected-exit-while-paused,True,False,False,"corridos tumbados, sad sierreño, corrido, sierreño, música mexicana, corridos bélicos"
2024-06-03,ios,182075,ES,Me Enteré,Tiago PZK,Me Enteré,playbtn,trackdone,True,False,False,"argentine trap, urbano latino"
2024-07-10,ios,36754,ES,Te Pintaron Pajaritos,Yandar & Yostin,Te Pintaron Pajaritos,trackdone,fwdbtn,True,True,False,reggaeton
2024-07-11,ios,156577,ES,Ohnana,Kapo,Ohnana,trackdone,trackdone,True,False,False,latin afrobeat
2024-07-11,ios,35177,ES,Potra Salvaje - Hard Remix,Isabel Aaiún,Potra Salvaje,trackdone,fwdbtn,True,True,False,flamenco
2024-07-11,ios,209905,ES,Miedito o Qué? (feat. KAROL G),Ovy On The Drums,Miedito o Qué? (feat. KAROL G),trackdone,trackdone,True,False,False,reggaeton
2024-07-11,ios,38127,ES,MEMORIAS,Mora,MICRODOSIS,trackdone,fwdbtn,True,True,False,drill
2024-07-11,ios,24619,ES,Hola - Remix,Dalex,Yo Te Quiero Pa Mi,trackdone,logout,True,False,False,reggaeton
2024-08-08,ios,232560,ES,No Te Deseo el Mal,Eladio Carrion,Sauce Boyz 2,trackdone,trackdone,True,False,False,"trap latino, urbano latino, trap"
2024-08-22,ios,210226,ES,I'm Alive,Céline Dion,A New Day Has Come,playbtn,trackdone,True,False,False,variété française
2024-08-27,ios,248402,ES,No te rindas (feat. Andrés Suárez),Alex Ubago,20 Años,playbtn,trackdone,True,False,False,latin pop
2024-09-10,ios,232253,ES,Yo Te Esperaré,Cali Y El Dandee,3 A.M.,playbtn,trackdone,True,False,False,"colombian pop, reggaeton"
2024-09-11,ios,24868,ES,Bailando por Ahi,Juan Magán,The King Of Dance,trackdone,fwdbtn,True,True,False,"reggaeton, latin"
2024-09-11,ios,205714,ES,Me Rehúso,Danny Ocean,54+1,trackdone,trackdone,True,False,False,reggaeton
2024-09-12,ios,247493,ES,Andas En Mi Cabeza,Chino & Nacho,Andas En Mi Cabeza,fwdbtn,trackdone,True,False,False,"merengue, reggaeton, latin"
2024-09-14,ios,234366,ES,Loca (feat. Cali y El Dandee),Maite Perroni,Loca (feat. Cali y El Dandee),trackdone,trackdone,True,False,False,latin pop
2024-09-23,ios,168442,ES,La Musiquita,Daviles de Novelda,La Musiquita,trackdone,trackdone,True,False,False,"flamenco, flamenco urbano, flamenco pop"
2024-09-29,ios,123344,ES,2005,Fonseca,VIAJANTE,trackdone,unexpected-exit-while-paused,True,False,False,"colombian pop, latin pop"
2024-09-29,ios,253173,ES,Desesperado (Voy A Tomar),Joey Montana,Desesperado (Voy A Tomar),trackdone,trackdone,True,False,False,reggaeton
2024-09-29,ios,69629,ES,Te Voy a Amar,Andrés Cepeda,Trece,trackdone,fwdbtn,True,True,False,"colombian pop, latin pop"
2024-10-03,ios,112922,ES,Mi Canción (feat. Cali Y El Dandee),Nicolas Mayorca,Mi Canción (feat. Cali Y El Dandee),trackdone,unexpected-exit-while-paused,True,False,False,colombian pop
2024-10-22,ios,149414,ES,El Ciego,Melendi,10:20:40,trackdone,fwdbtn,True,True,False,"flamenco, flamenco pop"
2024-10-24,ios,179349,ES,Legendaria,MYA,Legendaria,trackdone,trackdone,True,False,False,cuarteto
2024-10-24,ios,142813,ES,Ley De Gravedad,Luis Fonsi,Ley De Gravedad,trackdone,trackdone,True,False,False,latin
2024-11-02,ios,203737,ES,Tú Me Obligaste,Antonio José,A Un Milímetro De Ti,trackdone,trackdone,True,False,False,"flamenco, flamenco pop, bachata"
2025-01-07,ios,125959,ES,Impulsivo (feat. Manuel Turizo),Justin Quiles,Realidad,trackdone,logout,True,False,False,reggaeton
2025-01-22,ios,242546,ES,Aurora - Remix,Jhosy,Aurora,trackdone,trackdone,True,False,False,champeta
2025-01-25,ios,3181,ES,Si Preguntan Por Mi,Chris Lebron,Si Preguntan Por Mi,fwdbtn,fwdbtn,True,True,False,bachata
2025-02-04,ios,64902,ES,Eazt,Jay Wheeler,De Mi Para Ti,trackdone,fwdbtn,True,True,False,reggaeton
