[
  {
    "ts": "2023-12-05T22:53:29Z",
    "platform": "ios",
    "ms_played": 1927399,
    "conn_country": "ES",
    "ip_addr": "83.32.66.242",
    "master_metadata_track_name": null,
    "master_metadata_album_artist_name": null,
    "master_metadata_album_album_name": null,
    "spotify_track_uri": null,
    "episode_name": "Episodio 11. Hablemos de los celos",
    "episode_show_name": "That's Life Podcast",
    "spotify_episode_uri": "spotify:episode:4NHzfwAWGGAIvRgmtsRRrh",
    "audiobook_title": null,
    "audiobook_uri": null,
    "audiobook_chapter_uri": null,
    "audiobook_chapter_title": null,
    "reason_start": "clickrow",
    "reason_end": "trackdone",
    "shuffle": false,
    "skipped": false,
    "offline": null,
    "offline_timestamp": null,
    "incognito_mode": false
  },
  {
    "ts": "2023-12-06T14:00:20Z",
    "platform": "ios",
    "ms_played": 1901,
    "conn_country": "ES",
    "ip_addr": "31.4.143.49",
    "master_metadata_track_name": null,
    "master_metadata_album_artist_name": null,
    "master_metadata_album_album_name": null,
    "spotify_track_uri": null,
    "episode_name": "Episodio 1 - Envidia",
    "episode_show_name": "That's Life Podcast",
    "spotify_episode_uri": "spotify:episode:7p5Mu1qeq4SPnfveeMDGyM",
    "audiobook_title": null,
    "audiobook_uri": null,
    "audiobook_chapter_uri": null,
    "audiobook_chapter_title": null,
    "reason_start": "backbtn",
    "reason_end": "endplay",
    "shuffle": false,
    "skipped": true,
    "offline": null,
    "offline_timestamp": null,
    "incognito_mode": false
  },
  {
    "ts": "2023-12-07T11:54:18Z",
    "platform": "ios",
    "ms_played": 1677842,
    "conn_country": "ES",
    "ip_addr": "83.32.102.28",
    "master_metadata_track_name": null,
    "master_metadata_album_artist_name": null,
    "master_metadata_album_album_name": null,
    "spotify_track_uri": null,
    "episode_name": "Episodio 1 - Envidia",
    "episode_show_name": "That's Life Podcast",
    "spotify_episode_uri": "spotify:episode:7p5Mu1qeq4SPnfveeMDGyM",
    "audiobook_title": null,
    "audiobook_uri": null,
    "audiobook_chapter_uri": null,
    "audiobook_chapter_title": null,
    "reason_start": "clickrow",
    "reason_end": "trackdone",
    "shuffle": false,
    "skipped": false,
    "offline": null,
    "offline_timestamp": null,
    "incognito_mode": false
  },
  {
    "ts": "2023-12-08T13:44:40Z",
    "platform": "ios",
    "ms_played": 1595772,
    "conn_country": "ES",
    "ip_addr": "31.4.148.161",
    "master_metadata_track_name": null,
    "master_metadata_album_artist_name": null,
    "master_metadata_album_album_name": null,
    "spotify_track_uri": null,
    "episode_name": "Episodio 3 - Amistad",
    "episode_show_name": "That's Life Podcast",
    "spotify_episode_uri": "spotify:episode:2jRPX8AhXqzcBr1iAykeFP",
    "audiobook_title": null,
    "audiobook_uri": null,
    "audiobook_chapter_uri": null,
    "audiobook_chapter_title": null,
    "reason_start": "clickrow",
    "reason_end": "unexpected-exit-while-paused",
    "shuffle": false,
    "skipped": false,
    "offline": null,
    "offline_timestamp": null,
    "incognito_mode": false
  },
  {
    "ts": "2023-12-09T08:04:58Z",
    "platform": "ios",
    "ms_played": 149,
    "conn_country": "ES",
    "ip_addr": "31.4.148.161",
    "master_metadata_track_name": null,
    "master_metadata_album_artist_name": null,
    "master_metadata_album_album_name": null,
    "spotify_track_uri": null,
    "episode_name": "Episodio 3 - Amistad",
    "episode_show_name": "That's Life Podcast",
    "spotify_episode_uri": "spotify:episode:2jRPX8AhXqzcBr1iAykeFP",
    "audiobook_title": null,
    "audiobook_uri": null,
    "audiobook_chapter_uri": null,
    "audiobook_chapter_title": null,
    "reason_start": "appload",
    "reason_end": "trackdone",
    "shuffle": false,
    "skipped": false,
    "offline": null,
    "offline_timestamp": null,
    "incognito_mode": false
  },
  {
    "ts": "2023-12-09T11:35:18Z",
    "platform": "ios",
    "ms_played": 521324,
    "conn_country": "ES",
    "ip_addr": "31.4.149.103",
    "master_metadata_track_name": null,
    "master_metadata_album_artist_name": null,
    "master_metadata_album_album_name": null,
    "spotify_track_uri": null,
    "episode_name": "Episodio 5. Ser el salvador de tu pareja ¿sí o no?",
    "episode_show_name": "That's Life Podcast",
    "spotify_episode_uri": "spotify:episode:4cC0zJOQCCsLv16v6lfjRZ",
    "audiobook_title": null,
    "audiobook_uri": null,
    "audiobook_chapter_uri": null,
    "audiobook_chapter_title": null,
    "reason_start": "trackdone",
    "reason_end": "unexpected-exit-while-paused",
    "shuffle": false,
    "skipped": false,
    "offline": null,
    "offline_timestamp": null,
    "incognito_mode": false
  },
  {
    "ts": "2023-12-09T17:08:17Z",
    "platform": "ios",
    "ms_played": 987990,
    "conn_country": "ES",
    "ip_addr": "31.4.149.103",
    "master_metadata_track_name": null,
    "master_metadata_album_artist_name": null,
    "master_metadata_album_album_name": null,
    "spotify_track_uri": null,
    "episode_name": "Episodio 5. Ser el salvador de tu pareja ¿sí o no?",
    "episode_show_name": "That's Life Podcast",
    "spotify_episode_uri": "spotify:episode:4cC0zJOQCCsLv16v6lfjRZ",
    "audiobook_title": null,
    "audiobook_uri": null,
    "audiobook_chapter_uri": null,
    "audiobook_chapter_title": null,
    "reason_start": "appload",
    "reason_end": "trackdone",
    "shuffle": false,
    "skipped": false,
    "offline": null,
    "offline_timestamp": null,
    "incognito_mode": false
  },
  {
    "ts": "2023-12-09T17:35:31Z",
    "platform": "ios",
    "ms_played": 1516160,
    "conn_country": "ES",
    "ip_addr": "31.4.149.103",
    "master_metadata_track_name": null,
    "master_metadata_album_artist_name": null,
    "master_metadata_album_album_name": null,
    "spotify_track_uri": null,
    "episode_name": "Episodio 7. Amor Inmaduro",
    "episode_show_name": "That's Life Podcast",
    "spotify_episode_uri": "spotify:episode:1IQsDVhVPQfVFWQnklacJ8",
    "audiobook_title": null,
    "audiobook_uri": null,
    "audiobook_chapter_uri": null,
    "audiobook_chapter_title": null,
    "reason_start": "clickrow",
    "reason_end": "trackdone",
    "shuffle": false,
    "skipped": false,
    "offline": null,
    "offline_timestamp": null,
    "incognito_mode": false
  },
  {
    "ts": "2023-12-11T08:27:51Z",
    "platform": "ios",
    "ms_played": 1302647,
    "conn_country": "ES",
    "ip_addr": "83.32.72.253",
    "master_metadata_track_name": null,
    "master_metadata_album_artist_name": null,
    "master_metadata_album_album_name": null,
    "spotify_track_uri": null,
    "episode_name": "Episodio 10. Hablemos de relaciones abiertas",
    "episode_show_name": "That's Life Podcast",
    "spotify_episode_uri": "spotify:episode:1CLGgxPafGn1Jm5XdGRljj",
    "audiobook_title": null,
    "audiobook_uri": null,
    "audiobook_chapter_uri": null,
    "audiobook_chapter_title": null,
    "reason_start": "clickrow",
    "reason_end": "unexpected-exit-while-paused",
    "shuffle": false,
    "skipped": false,
    "offline": null,
    "offline_timestamp": null,
    "incognito_mode": false
  },
  {
    "ts": "2024-01-18T14:20:19Z",
    "platform": "ios",
    "ms_played": 7239,
    "conn_country": "ES",
    "ip_addr": "178.139.170.233",
    "master_metadata_track_name": null,
    "master_metadata_album_artist_name": null,
    "master_metadata_album_album_name": null,
    "spotify_track_uri": null,
    "episode_name": "Episodio 1 - Envidia",
    "episode_show_name": "That's Life Podcast",
    "spotify_episode_uri": "spotify:episode:7p5Mu1qeq4SPnfveeMDGyM",
    "audiobook_title": null,
    "audiobook_uri": null,
    "audiobook_chapter_uri": null,
    "audiobook_chapter_title": null,
    "reason_start": "clickrow",
    "reason_end": "endplay",
    "shuffle": false,
    "skipped": true,
    "offline": null,
    "offline_timestamp": null,
    "incognito_mode": false
  },
  {
    "ts": "2024-01-18T21:19:06Z",
    "platform": "ios",
    "ms_played": 1618848,
    "conn_country": "ES",
    "ip_addr": "178.139.170.24",
    "master_metadata_track_name": null,
    "master_metadata_album_artist_name": null,
    "master_metadata_album_album_name": null,
    "spotify_track_uri": null,
    "episode_name": "Episodio 13. Mobbing y acoso laboral",
    "episode_show_name": "That's Life Podcast",
    "spotify_episode_uri": "spotify:episode:7AwhX43arDmIm2sNl67KaG",
    "audiobook_title": null,
    "audiobook_uri": null,
    "audiobook_chapter_uri": null,
    "audiobook_chapter_title": null,
    "reason_start": "clickrow",
    "reason_end": "trackdone",
    "shuffle": false,
    "skipped": false,
    "offline": null,
    "offline_timestamp": null,
    "incognito_mode": false
  },
  {
    "ts": "2024-01-18T21:29:43Z",
    "platform": "ios",
    "ms_played": 636555,
    "conn_country": "ES",
    "ip_addr": "31.4.136.239",
    "master_metadata_track_name": null,
    "master_metadata_album_artist_name": null,
    "master_metadata_album_album_name": null,
    "spotify_track_uri": null,
    "episode_name": "Episodio 14. Hablamos de manipulación ",
    "episode_show_name": "That's Life Podcast",
    "spotify_episode_uri": "spotify:episode:7zV8OAlQ1Z1YdkJdJkfZ6L",
    "audiobook_title": null,
    "audiobook_uri": null,
    "audiobook_chapter_uri": null,
    "audiobook_chapter_title": null,
    "reason_start": "trackdone",
    "reason_end": "unexpected-exit-while-paused",
    "shuffle": false,
    "skipped": false,
    "offline": null,
    "offline_timestamp": null,
    "incognito_mode": false
  },
  {
    "ts": "2024-01-21T14:32:38Z",
    "platform": "ios",
    "ms_played": 753124,
    "conn_country": "ES",
    "ip_addr": "31.4.138.140",
    "master_metadata_track_name": null,
    "master_metadata_album_artist_name": null,
    "master_metadata_album_album_name": null,
    "spotify_track_uri": null,
    "episode_name": "Episodio 14. Hablamos de manipulación ",
    "episode_show_name": "That's Life Podcast",
    "spotify_episode_uri": "spotify:episode:7zV8OAlQ1Z1YdkJdJkfZ6L",
    "audiobook_title": null,
    "audiobook_uri": null,
    "audiobook_chapter_uri": null,
    "audiobook_chapter_title": null,
    "reason_start": "appload",
    "reason_end": "trackdone",
    "shuffle": false,
    "skipped": false,
    "offline": null,
    "offline_timestamp": null,
    "incognito_mode": false
  },
  {
    "ts": "2024-01-26T18:39:19Z",
    "platform": "ios",
    "ms_played": 1591998,
    "conn_country": "ES",
    "ip_addr": "31.4.141.13",
    "master_metadata_track_name": null,
    "master_metadata_album_artist_name": null,
    "master_metadata_album_album_name": null,
    "spotify_track_uri": null,
    "episode_name": "Las heridas de la infancia | Ep.142",
    "episode_show_name": "Somos Estupendas",
    "spotify_episode_uri": "spotify:episode:2x1774eXuzGRCxDTkWV253",
    "audiobook_title": null,
    "audiobook_uri": null,
    "audiobook_chapter_uri": null,
    "audiobook_chapter_title": null,
    "reason_start": "clickrow",
    "reason_end": "trackdone",
    "shuffle": true,
    "skipped": false,
    "offline": null,
    "offline_timestamp": null,
    "incognito_mode": false
  },
  {
    "ts": "2024-01-26T21:00:30Z",
    "platform": "ios",
    "ms_played": 41381,
    "conn_country": "ES",
    "ip_addr": "31.4.156.13",
    "master_metadata_track_name": null,
    "master_metadata_album_artist_name": null,
    "master_metadata_album_album_name": null,
    "spotify_track_uri": null,
    "episode_name": "Entrevista a Maite Irulegi: \"Dejar ir te empodera porque sabes que te estás eligiendo a ti\" | Ep.143",
    "episode_show_name": "Somos Estupendas",
    "spotify_episode_uri": "spotify:episode:11azXihDJQnLt1Gv261BYH",
    "audiobook_title": null,
    "audiobook_uri": null,
    "audiobook_chapter_uri": null,
    "audiobook_chapter_title": null,
    "reason_start": "trackdone",
    "reason_end": "unexpected-exit-while-paused",
    "shuffle": true,
    "skipped": false,
    "offline": null,
    "offline_timestamp": null,
    "incognito_mode": false
  },
  {
    "ts": "2024-01-29T10:24:58Z",
    "platform": "ios",
    "ms_played": 1191297,
    "conn_country": "ES",
    "ip_addr": "83.33.61.222",
    "master_metadata_track_name": null,
    "master_metadata_album_artist_name": null,
    "master_metadata_album_album_name": null,
    "spotify_track_uri": null,
    "episode_name": "Cómo eliminar los pensamientos negativos obsesivos | Ep.149",
    "episode_show_name": "Somos Estupendas",
    "spotify_episode_uri": "spotify:episode:6qinl6Nwsweos2LRysFCEn",
    "audiobook_title": null,
    "audiobook_uri": null,
    "audiobook_chapter_uri": null,
    "audiobook_chapter_title": null,
    "reason_start": "clickrow",
    "reason_end": "endplay",
    "shuffle": true,
    "skipped": true,
    "offline": null,
    "offline_timestamp": null,
    "incognito_mode": false
  },
  {
    "ts": "2024-01-29T14:11:26Z",
    "platform": "ios",
    "ms_played": 29976,
    "conn_country": "ES",
    "ip_addr": "83.33.61.222",
    "master_metadata_track_name": null,
    "master_metadata_album_artist_name": null,
    "master_metadata_album_album_name": null,
    "spotify_track_uri": null,
    "episode_name": "Cómo eliminar los pensamientos negativos obsesivos | Ep.149",
    "episode_show_name": "Somos Estupendas",
    "spotify_episode_uri": "spotify:episode:6qinl6Nwsweos2LRysFCEn",
    "audiobook_title": null,
    "audiobook_uri": null,
    "audiobook_chapter_uri": null,
    "audiobook_chapter_title": null,
    "reason_start": "appload",
    "reason_end": "unexpected-exit-while-paused",
    "shuffle": true,
    "skipped": false,
    "offline": null,
    "offline_timestamp": null,
    "incognito_mode": false
  },
  {
    "ts": "2024-01-30T11:20:19Z",
    "platform": "ios",
    "ms_played": 25647,
    "conn_country": "ES",
    "ip_addr": "83.33.61.222",
    "master_metadata_track_name": null,
    "master_metadata_album_artist_name": null,
    "master_metadata_album_album_name": null,
    "spotify_track_uri": null,
    "episode_name": "Las heridas de la infancia | Ep.142",
    "episode_show_name": "Somos Estupendas",
    "spotify_episode_uri": "spotify:episode:2x1774eXuzGRCxDTkWV253",
    "audiobook_title": null,
    "audiobook_uri": null,
    "audiobook_chapter_uri": null,
    "audiobook_chapter_title": null,
    "reason_start": "clickrow",
    "reason_end": "clickrow",
    "shuffle": true,
    "skipped": true,
    "offline": null,
    "offline_timestamp": null,
    "incognito_mode": false
  },
  {
    "ts": "2024-01-30T11:48:41Z",
    "platform": "ios",
    "ms_played": 1612871,
    "conn_country": "ES",
    "ip_addr": "83.33.61.222",
    "master_metadata_track_name": null,
    "master_metadata_album_artist_name": null,
    "master_metadata_album_album_name": null,
    "spotify_track_uri": null,
    "episode_name": "Creencias limitantes: qué son y cómo me afectan | Ep.148",
    "episode_show_name": "Somos Estupendas",
    "spotify_episode_uri": "spotify:episode:1MDkwFCZn68Z2NX8oyEzxj",
    "audiobook_title": null,
    "audiobook_uri": null,
    "audiobook_chapter_uri": null,
    "audiobook_chapter_title": null,
    "reason_start": "clickrow",
    "reason_end": "trackdone",
    "shuffle": true,
    "skipped": false,
    "offline": null,
    "offline_timestamp": null,
    "incognito_mode": false
  },
  {
    "ts": "2024-01-30T11:49:01Z",
    "platform": "ios",
    "ms_played": 18794,
    "conn_country": "ES",
    "ip_addr": "83.33.61.222",
    "master_metadata_track_name": null,
    "master_metadata_album_artist_name": null,
    "master_metadata_album_album_name": null,
    "spotify_track_uri": null,
    "episode_name": "Cómo eliminar los pensamientos negativos obsesivos | Ep.149",
    "episode_show_name": "Somos Estupendas",
    "spotify_episode_uri": "spotify:episode:6qinl6Nwsweos2LRysFCEn",
    "audiobook_title": null,
    "audiobook_uri": null,
    "audiobook_chapter_uri": null,
    "audiobook_chapter_title": null,
    "reason_start": "trackdone",
    "reason_end": "clickrow",
    "shuffle": true,
    "skipped": true,
    "offline": null,
    "offline_timestamp": null,
    "incognito_mode": false
  },
  {
    "ts": "2024-01-30T13:20:00Z",
    "platform": "ios",
    "ms_played": 1506976,
    "conn_country": "ES",
    "ip_addr": "31.4.137.54",
    "master_metadata_track_name": null,
    "master_metadata_album_artist_name": null,
    "master_metadata_album_album_name": null,
    "spotify_track_uri": null,
    "episode_name": "Autoexigencia y perfeccionismo con @arethafuste | Ep.147",
    "episode_show_name": "Somos Estupendas",
    "spotify_episode_uri": "spotify:episode:23Y0jR3oMAliwJ7JFEN4Hl",
    "audiobook_title": null,
    "audiobook_uri": null,
    "audiobook_chapter_uri": null,
    "audiobook_chapter_title": null,
    "reason_start": "clickrow",
    "reason_end": "endplay",
    "shuffle": true,
    "skipped": true,
    "offline": null,
    "offline_timestamp": null,
    "incognito_mode": false
  },
  {
    "ts": "2024-02-06T07:50:22Z",
    "platform": "ios",
    "ms_played": 1247153,
    "conn_country": "ES",
    "ip_addr": "31.4.140.97",
    "master_metadata_track_name": null,
    "master_metadata_album_artist_name": null,
    "master_metadata_album_album_name": null,
    "spotify_track_uri": null,
    "episode_name": "Cómo pedir ayuda cuando estoy sobrepasada | Ep. 150",
    "episode_show_name": "Somos Estupendas",
    "spotify_episode_uri": "spotify:episode:0sqgcchaUqimE6yjdIFZLl",
    "audiobook_title": null,
    "audiobook_uri": null,
    "audiobook_chapter_uri": null,
    "audiobook_chapter_title": null,
    "reason_start": "clickrow",
    "reason_end": "unexpected-exit-while-paused",
    "shuffle": true,
    "skipped": false,
    "offline": null,
    "offline_timestamp": null,
    "incognito_mode": false
  },
  {
    "ts": "2024-02-07T11:29:12Z",
    "platform": "ios",
    "ms_played": 773692,
    "conn_country": "ES",
    "ip_addr": "31.4.143.73",
    "master_metadata_track_name": null,
    "master_metadata_album_artist_name": null,
    "master_metadata_album_album_name": null,
    "spotify_track_uri": null,
    "episode_name": "Cómo pedir ayuda cuando estoy sobrepasada | Ep. 150",
    "episode_show_name": "Somos Estupendas",
    "spotify_episode_uri": "spotify:episode:0sqgcchaUqimE6yjdIFZLl",
    "audiobook_title": null,
    "audiobook_uri": null,
    "audiobook_chapter_uri": null,
    "audiobook_chapter_title": null,
    "reason_start": "appload",
    "reason_end": "endplay",
    "shuffle": true,
    "skipped": true,
    "offline": null,
    "offline_timestamp": null,
    "incognito_mode": false
  },
  {
    "ts": "2024-02-08T17:53:41Z",
    "platform": "ios",
    "ms_played": 1019241,
    "conn_country": "ES",
    "ip_addr": "31.4.158.120",
    "master_metadata_track_name": null,
    "master_metadata_album_artist_name": null,
    "master_metadata_album_album_name": null,
    "spotify_track_uri": null,
    "episode_name": "Cómo pedir ayuda cuando estoy sobrepasada | Ep. 150",
    "episode_show_name": "Somos Estupendas",
    "spotify_episode_uri": "spotify:episode:0sqgcchaUqimE6yjdIFZLl",
    "audiobook_title": null,
    "audiobook_uri": null,
    "audiobook_chapter_uri": null,
    "audiobook_chapter_title": null,
    "reason_start": "clickrow",
    "reason_end": "clickrow",
    "shuffle": true,
    "skipped": true,
    "offline": null,
    "offline_timestamp": null,
    "incognito_mode": false
  },
  {
    "ts": "2024-02-08T17:54:43Z",
    "platform": "ios",
    "ms_played": 65111,
    "conn_country": "ES",
    "ip_addr": "31.4.158.120",
    "master_metadata_track_name": null,
    "master_metadata_album_artist_name": null,
    "master_metadata_album_album_name": null,
    "spotify_track_uri": null,
    "episode_name": "Las heridas de la infancia | Ep.142",
    "episode_show_name": "Somos Estupendas",
    "spotify_episode_uri": "spotify:episode:2x1774eXuzGRCxDTkWV253",
    "audiobook_title": null,
    "audiobook_uri": null,
    "audiobook_chapter_uri": null,
    "audiobook_chapter_title": null,
    "reason_start": "clickrow",
    "reason_end": "clickrow",
    "shuffle": true,
    "skipped": true,
    "offline": null,
    "offline_timestamp": null,
    "incognito_mode": false
  },
  {
    "ts": "2024-02-08T18:16:49Z",
    "platform": "ios",
    "ms_played": 1323697,
    "conn_country": "ES",
    "ip_addr": "178.139.170.182",
    "master_metadata_track_name": null,
    "master_metadata_album_artist_name": null,
    "master_metadata_album_album_name": null,
    "spotify_track_uri": null,
    "episode_name": "Apatía: significado, síntomas y causas | Ep. 133",
    "episode_show_name": "Somos Estupendas",
    "spotify_episode_uri": "spotify:episode:1SjIolVZfi00KBiYNGDHII",
    "audiobook_title": null,
    "audiobook_uri": null,
    "audiobook_chapter_uri": null,
    "audiobook_chapter_title": null,
    "reason_start": "clickrow",
    "reason_end": "clickrow",
    "shuffle": true,
    "skipped": true,
    "offline": null,
    "offline_timestamp": null,
    "incognito_mode": false
  },
  {
    "ts": "2024-02-08T18:33:24Z",
    "platform": "ios",
    "ms_played": 948051,
    "conn_country": "ES",
    "ip_addr": "31.4.137.147",
    "master_metadata_track_name": null,
    "master_metadata_album_artist_name": null,
    "master_metadata_album_album_name": null,
    "spotify_track_uri": null,
    "episode_name": "Cómo saber si estoy enamorada | Ep. 130",
    "episode_show_name": "Somos Estupendas",
    "spotify_episode_uri": "spotify:episode:2w3upVKTFRaAzpLMi7K8ph",
    "audiobook_title": null,
    "audiobook_uri": null,
    "audiobook_chapter_uri": null,
    "audiobook_chapter_title": null,
    "reason_start": "clickrow",
    "reason_end": "endplay",
    "shuffle": true,
    "skipped": true,
    "offline": null,
    "offline_timestamp": null,
    "incognito_mode": false
  },
  {
    "ts": "2024-02-09T18:49:53Z",
    "platform": "ios",
    "ms_played": 1619836,
    "conn_country": "ES",
    "ip_addr": "31.4.137.178",
    "master_metadata_track_name": null,
    "master_metadata_album_artist_name": null,
    "master_metadata_album_album_name": null,
    "spotify_track_uri": null,
    "episode_name": "¿Qué es el trauma complejo? | Ep. 124",
    "episode_show_name": "Somos Estupendas",
    "spotify_episode_uri": "spotify:episode:4iKC87EtkUJpg5kFT4U5EO",
    "audiobook_title": null,
    "audiobook_uri": null,
    "audiobook_chapter_uri": null,
    "audiobook_chapter_title": null,
    "reason_start": "clickrow",
    "reason_end": "endplay",
    "shuffle": true,
    "skipped": true,
    "offline": null,
    "offline_timestamp": null,
    "incognito_mode": false
  },
  {
    "ts": "2024-03-23T16:46:10Z",
    "platform": "ios",
    "ms_played": 77003,
    "conn_country": "ES",
    "ip_addr": "83.32.91.127",
    "master_metadata_track_name": null,
    "master_metadata_album_artist_name": null,
    "master_metadata_album_album_name": null,
    "spotify_track_uri": null,
    "episode_name": "Miedo al rechazo: ¿qué hago para superarlo? | Ep. 127",
    "episode_show_name": "Somos Estupendas",
    "spotify_episode_uri": "spotify:episode:1N6jFXAYVYHfMcd8XTE15T",
    "audiobook_title": null,
    "audiobook_uri": null,
    "audiobook_chapter_uri": null,
    "audiobook_chapter_title": null,
    "reason_start": "clickrow",
    "reason_end": "endplay",
    "shuffle": true,
    "skipped": true,
    "offline": null,
    "offline_timestamp": null,
    "incognito_mode": false
  },
  {
    "ts": "2024-03-25T10:29:32Z",
    "platform": "ios",
    "ms_played": 1333182,
    "conn_country": "ES",
    "ip_addr": "31.4.149.155",
    "master_metadata_track_name": null,
    "master_metadata_album_artist_name": null,
    "master_metadata_album_album_name": null,
    "spotify_track_uri": null,
    "episode_name": "Qué hacer cuando estás mal y no sabes por qué | Ep.157",
    "episode_show_name": "Somos Estupendas",
    "spotify_episode_uri": "spotify:episode:5IAG7ZF1nCbOkt4ZA1oTI3",
    "audiobook_title": null,
    "audiobook_uri": null,
    "audiobook_chapter_uri": null,
    "audiobook_chapter_title": null,
    "reason_start": "clickrow",
    "reason_end": "endplay",
    "shuffle": true,
    "skipped": true,
    "offline": null,
    "offline_timestamp": null,
    "incognito_mode": false
  },
  {
    "ts": "2024-06-16T11:26:18Z",
    "platform": "ios",
    "ms_played": 110,
    "conn_country": "ES",
    "ip_addr": "31.4.142.46",
    "master_metadata_track_name": "Ojitos Lindos",
    "master_metadata_album_artist_name": "Bad Bunny",
    "master_metadata_album_album_name": "Un Verano Sin Ti",
    "spotify_track_uri": "spotify:track:3k3NWokhRRkEPhCzPmV8TW",
    "episode_name": null,
    "episode_show_name": null,
    "spotify_episode_uri": null,
    "audiobook_title": null,
    "audiobook_uri": null,
    "audiobook_chapter_uri": null,
    "audiobook_chapter_title": null,
    "reason_start": "unknown",
    "reason_end": "endplay",
    "shuffle": false,
    "skipped": true,
    "offline": null,
    "offline_timestamp": null,
    "incognito_mode": false
  },
  {
    "ts": "2024-10-04T05:27:51Z",
    "platform": "ios",
    "ms_played": 0,
    "conn_country": "ES",
    "ip_addr": "31.4.128.209",
    "master_metadata_track_name": null,
    "master_metadata_album_artist_name": null,
    "master_metadata_album_album_name": null,
    "spotify_track_uri": null,
    "episode_name": "La autodestrucción: por qué te haces daño y cómo salir el ciclo",
    "episode_show_name": "Tu amiga psicóloga",
    "spotify_episode_uri": "spotify:episode:7wpiF09DqwZ2PgJgwlzTYy",
    "audiobook_title": null,
    "audiobook_uri": null,
    "audiobook_chapter_uri": null,
    "audiobook_chapter_title": null,
    "reason_start": "unknown",
    "reason_end": "endplay",
    "shuffle": false,
    "skipped": true,
    "offline": null,
    "offline_timestamp": null,
    "incognito_mode": false
  },
  {
    "ts": "2024-10-04T05:40:32Z",
    "platform": "ios",
    "ms_played": 1121,
    "conn_country": "ES",
    "ip_addr": "31.4.128.209",
    "master_metadata_track_name": null,
    "master_metadata_album_artist_name": null,
    "master_metadata_album_album_name": null,
    "spotify_track_uri": null,
    "episode_name": "La autodestrucción: por qué te haces daño y cómo salir el ciclo",
    "episode_show_name": "Tu amiga psicóloga",
    "spotify_episode_uri": "spotify:episode:7wpiF09DqwZ2PgJgwlzTYy",
    "audiobook_title": null,
    "audiobook_uri": null,
    "audiobook_chapter_uri": null,
    "audiobook_chapter_title": null,
    "reason_start": "unknown",
    "reason_end": "endplay",
    "shuffle": false,
    "skipped": true,
    "offline": null,
    "offline_timestamp": null,
    "incognito_mode": false
  },
  {
    "ts": "2024-10-08T10:10:54Z",
    "platform": "ios",
    "ms_played": 0,
    "conn_country": "ES",
    "ip_addr": "88.0.188.76",
    "master_metadata_track_name": null,
    "master_metadata_album_artist_name": null,
    "master_metadata_album_album_name": null,
    "spotify_track_uri": null,
    "episode_name": "201. La Ruina (con Javier Cansado)",
    "episode_show_name": "La Ruina",
    "spotify_episode_uri": "spotify:episode:3YugklIaIzq6dTmjVQrtj1",
    "audiobook_title": null,
    "audiobook_uri": null,
    "audiobook_chapter_uri": null,
    "audiobook_chapter_title": null,
    "reason_start": "unknown",
    "reason_end": "endplay",
    "shuffle": false,
    "skipped": true,
    "offline": null,
    "offline_timestamp": null,
    "incognito_mode": false
  },
  {
    "ts": "2024-10-08T10:29:50Z",
    "platform": "ios",
    "ms_played": 3363,
    "conn_country": "ES",
    "ip_addr": "88.0.188.76",
    "master_metadata_track_name": null,
    "master_metadata_album_artist_name": null,
    "master_metadata_album_album_name": null,
    "spotify_track_uri": null,
    "episode_name": "¿Monstruos? La historia real de Lyle y Erik Menéndez",
    "episode_show_name": "La Crónica Oscura",
    "spotify_episode_uri": "spotify:episode:74uhS2aydbND38h5o3EW4T",
    "audiobook_title": null,
    "audiobook_uri": null,
    "audiobook_chapter_uri": null,
    "audiobook_chapter_title": null,
    "reason_start": "unknown",
    "reason_end": "endplay",
    "shuffle": false,
    "skipped": true,
    "offline": null,
    "offline_timestamp": null,
    "incognito_mode": false
  },
  {
    "ts": "2024-10-15T14:11:28Z",
    "platform": "ios",
    "ms_played": 19659,
    "conn_country": "ES",
    "ip_addr": "178.139.172.6",
    "master_metadata_track_name": null,
    "master_metadata_album_artist_name": null,
    "master_metadata_album_album_name": null,
    "spotify_track_uri": null,
    "episode_name": "T2 E27 - Declaraciones de amor fallidas",
    "episode_show_name": "Las Damitas Histeria",
    "spotify_episode_uri": "spotify:episode:5CJNXyVjpW4AEt4nHiRo7b",
    "audiobook_title": null,
    "audiobook_uri": null,
    "audiobook_chapter_uri": null,
    "audiobook_chapter_title": null,
    "reason_start": "unknown",
    "reason_end": "endplay",
    "shuffle": false,
    "skipped": true,
    "offline": null,
    "offline_timestamp": null,
    "incognito_mode": false
  },
  {
    "ts": "2024-10-15T14:19:19Z",
    "platform": "ios",
    "ms_played": 230,
    "conn_country": "ES",
    "ip_addr": "31.4.128.207",
    "master_metadata_track_name": null,
    "master_metadata_album_artist_name": null,
    "master_metadata_album_album_name": null,
    "spotify_track_uri": null,
    "episode_name": "¿Eres tú peor enemigo?",
    "episode_show_name": "MICRODOSIS DE AMOR PROPIO",
    "spotify_episode_uri": "spotify:episode:6UHEqui7c4XGmAkWVXj61O",
    "audiobook_title": null,
    "audiobook_uri": null,
    "audiobook_chapter_uri": null,
    "audiobook_chapter_title": null,
    "reason_start": "unknown",
    "reason_end": "unexpected-exit-while-paused",
    "shuffle": false,
    "skipped": false,
    "offline": null,
    "offline_timestamp": null,
    "incognito_mode": false
  },
  {
    "ts": "2024-10-18T06:31:50Z",
    "platform": "ios",
    "ms_played": 545,
    "conn_country": "ES",
    "ip_addr": "31.4.128.207",
    "master_metadata_track_name": null,
    "master_metadata_album_artist_name": null,
    "master_metadata_album_album_name": null,
    "spotify_track_uri": null,
    "episode_name": "¿Eres tú peor enemigo?",
    "episode_show_name": "MICRODOSIS DE AMOR PROPIO",
    "spotify_episode_uri": "spotify:episode:6UHEqui7c4XGmAkWVXj61O",
    "audiobook_title": null,
    "audiobook_uri": null,
    "audiobook_chapter_uri": null,
    "audiobook_chapter_title": null,
    "reason_start": "unknown",
    "reason_end": "endplay",
    "shuffle": false,
    "skipped": true,
    "offline": null,
    "offline_timestamp": null,
    "incognito_mode": false
  },
  {
    "ts": "2024-10-18T06:31:54Z",
    "platform": "ios",
    "ms_played": 3684,
    "conn_country": "ES",
    "ip_addr": "31.4.148.67",
    "master_metadata_track_name": null,
    "master_metadata_album_artist_name": null,
    "master_metadata_album_album_name": null,
    "spotify_track_uri": null,
    "episode_name": "Empecé a robar y traje desgracia a mi vida - invitada: Andrea Ortiz",
    "episode_show_name": "VOS PODÉS",
    "spotify_episode_uri": "spotify:episode:2A8cY4dn9zfFeezpirCaHa",
    "audiobook_title": null,
    "audiobook_uri": null,
    "audiobook_chapter_uri": null,
    "audiobook_chapter_title": null,
    "reason_start": "unknown",
    "reason_end": "unexpected-exit-while-paused",
    "shuffle": false,
    "skipped": false,
    "offline": null,
    "offline_timestamp": null,
    "incognito_mode": false
  },
  {
    "ts": "2024-10-21T18:52:18Z",
    "platform": "ios",
    "ms_played": 0,
    "conn_country": "ES",
    "ip_addr": "31.4.148.67",
    "master_metadata_track_name": null,
    "master_metadata_album_artist_name": null,
    "master_metadata_album_album_name": null,
    "spotify_track_uri": null,
    "episode_name": "Empecé a robar y traje desgracia a mi vida - invitada: Andrea Ortiz",
    "episode_show_name": "VOS PODÉS",
    "spotify_episode_uri": "spotify:episode:2A8cY4dn9zfFeezpirCaHa",
    "audiobook_title": null,
    "audiobook_uri": null,
    "audiobook_chapter_uri": null,
    "audiobook_chapter_title": null,
    "reason_start": "unknown",
    "reason_end": "endplay",
    "shuffle": false,
    "skipped": true,
    "offline": null,
    "offline_timestamp": null,
    "incognito_mode": false
  },
  {
    "ts": "2024-10-22T09:51:47Z",
    "platform": "ios",
    "ms_played": 0,
    "conn_country": "ES",
    "ip_addr": "31.4.148.171",
    "master_metadata_track_name": null,
    "master_metadata_album_artist_name": null,
    "master_metadata_album_album_name": null,
    "spotify_track_uri": null,
    "episode_name": "Love Bombing y otras formas de desaparecer | Mamá tú no escuches 03x01",
    "episode_show_name": "Mamá tú no escuches",
    "spotify_episode_uri": "spotify:episode:5CnjaTaf4iofos0geLuz2H",
    "audiobook_title": null,
    "audiobook_uri": null,
    "audiobook_chapter_uri": null,
    "audiobook_chapter_title": null,
    "reason_start": "unknown",
    "reason_end": "endplay",
    "shuffle": false,
    "skipped": true,
    "offline": null,
    "offline_timestamp": null,
    "incognito_mode": false
  },
  {
    "ts": "2024-10-22T10:02:59Z",
    "platform": "ios",
    "ms_played": 2699,
    "conn_country": "ES",
    "ip_addr": "31.4.148.171",
    "master_metadata_track_name": null,
    "master_metadata_album_artist_name": null,
    "master_metadata_album_album_name": null,
    "spotify_track_uri": null,
    "episode_name": "202. La Ruina (con Pepiu)",
    "episode_show_name": "La Ruina",
    "spotify_episode_uri": "spotify:episode:34vlzmWk6lKdsUc9UzeduN",
    "audiobook_title": null,
    "audiobook_uri": null,
    "audiobook_chapter_uri": null,
    "audiobook_chapter_title": null,
    "reason_start": "unknown",
    "reason_end": "endplay",
    "shuffle": false,
    "skipped": true,
    "offline": null,
    "offline_timestamp": null,
    "incognito_mode": false
  },
  {
    "ts": "2024-10-24T09:38:13Z",
    "platform": "ios",
    "ms_played": 0,
    "conn_country": "ES",
    "ip_addr": "178.139.171.220",
    "master_metadata_track_name": null,
    "master_metadata_album_artist_name": null,
    "master_metadata_album_album_name": null,
    "spotify_track_uri": null,
    "episode_name": "Adicción al juego, dependencia y cómo prevenirlo (Diego Barquilla Psicólogo \"La contrapartida\") EP19",
    "episode_show_name": "Sobran Las Palabras Podcast",
    "spotify_episode_uri": "spotify:episode:4TbrnRIfTxUVmgeUNhxaHm",
    "audiobook_title": null,
    "audiobook_uri": null,
    "audiobook_chapter_uri": null,
    "audiobook_chapter_title": null,
    "reason_start": "unknown",
    "reason_end": "endplay",
    "shuffle": false,
    "skipped": true,
    "offline": null,
    "offline_timestamp": null,
    "incognito_mode": false
  },
  {
    "ts": "2024-10-24T13:05:31Z",
    "platform": "ios",
    "ms_played": 4440,
    "conn_country": "ES",
    "ip_addr": "178.139.171.220",
    "master_metadata_track_name": null,
    "master_metadata_album_artist_name": null,
    "master_metadata_album_album_name": null,
    "spotify_track_uri": null,
    "episode_name": "“EXPECTATIVA VS. REALIDAD DE VIVIR EN PAREJA” con Ana Guerra",
    "episode_show_name": "Poco se Habla! Briten y Xuso Jones",
    "spotify_episode_uri": "spotify:episode:6XbU3OsbTMf1uPAL6AxfFk",
    "audiobook_title": null,
    "audiobook_uri": null,
    "audiobook_chapter_uri": null,
    "audiobook_chapter_title": null,
    "reason_start": "unknown",
    "reason_end": "endplay",
    "shuffle": false,
    "skipped": true,
    "offline": null,
    "offline_timestamp": null,
    "incognito_mode": false
  },
  {
    "ts": "2024-10-28T06:25:52Z",
    "platform": "ios",
    "ms_played": 21328,
    "conn_country": "ES",
    "ip_addr": "31.4.128.86",
    "master_metadata_track_name": null,
    "master_metadata_album_artist_name": null,
    "master_metadata_album_album_name": null,
    "spotify_track_uri": null,
    "episode_name": "“EXPECTATIVA VS. REALIDAD DE VIVIR EN PAREJA” con Ana Guerra",
    "episode_show_name": "Poco se Habla! Briten y Xuso Jones",
    "spotify_episode_uri": "spotify:episode:6XbU3OsbTMf1uPAL6AxfFk",
    "audiobook_title": null,
    "audiobook_uri": null,
    "audiobook_chapter_uri": null,
    "audiobook_chapter_title": null,
    "reason_start": "unknown",
    "reason_end": "unexpected-exit-while-paused",
    "shuffle": false,
    "skipped": false,
    "offline": false,
    "offline_timestamp": 1730023676,
    "incognito_mode": false
  },
  {
    "ts": "2024-10-28T06:25:53Z",
    "platform": "ios",
    "ms_played": 0,
    "conn_country": "ES",
    "ip_addr": "31.4.128.86",
    "master_metadata_track_name": null,
    "master_metadata_album_artist_name": null,
    "master_metadata_album_album_name": null,
    "spotify_track_uri": null,
    "episode_name": "“EXPECTATIVA VS. REALIDAD DE VIVIR EN PAREJA” con Ana Guerra",
    "episode_show_name": "Poco se Habla! Briten y Xuso Jones",
    "spotify_episode_uri": "spotify:episode:6XbU3OsbTMf1uPAL6AxfFk",
    "audiobook_title": null,
    "audiobook_uri": null,
    "audiobook_chapter_uri": null,
    "audiobook_chapter_title": null,
    "reason_start": "unknown",
    "reason_end": "endplay",
    "shuffle": false,
    "skipped": true,
    "offline": false,
    "offline_timestamp": 1730096753,
    "incognito_mode": false
  },
  {
    "ts": "2024-10-28T06:34:27Z",
    "platform": "ios",
    "ms_played": 11290,
    "conn_country": "ES",
    "ip_addr": "31.4.128.86",
    "master_metadata_track_name": null,
    "master_metadata_album_artist_name": null,
    "master_metadata_album_album_name": null,
    "spotify_track_uri": null,
    "episode_name": "“EXPECTATIVA VS. REALIDAD DE VIVIR EN PAREJA” con Ana Guerra",
    "episode_show_name": "Poco se Habla! Briten y Xuso Jones",
    "spotify_episode_uri": "spotify:episode:6XbU3OsbTMf1uPAL6AxfFk",
    "audiobook_title": null,
    "audiobook_uri": null,
    "audiobook_chapter_uri": null,
    "audiobook_chapter_title": null,
    "reason_start": "unknown",
    "reason_end": "endplay",
    "shuffle": false,
    "skipped": true,
    "offline": false,
    "offline_timestamp": 1730096753,
    "incognito_mode": false
  },
  {
    "ts": "2025-01-07T11:53:24Z",
    "platform": "ios",
    "ms_played": 9320,
    "conn_country": "ES",
    "ip_addr": "83.32.46.119",
    "master_metadata_track_name": null,
    "master_metadata_album_artist_name": null,
    "master_metadata_album_album_name": null,
    "spotify_track_uri": null,
    "episode_name": "220. La Ruina (con Aníbal Gómez)",
    "episode_show_name": "La Ruina",
    "spotify_episode_uri": "spotify:episode:0q6pM2wUrBjBDCi6VrWtRv",
    "audiobook_title": null,
    "audiobook_uri": null,
    "audiobook_chapter_uri": null,
    "audiobook_chapter_title": null,
    "reason_start": "unknown",
    "reason_end": "unexpected-exit-while-paused",
    "shuffle": false,
    "skipped": false,
    "offline": false,
    "offline_timestamp": 1735405453,
    "incognito_mode": false
  },
  {
    "ts": "2025-01-07T11:53:25Z",
    "platform": "ios",
    "ms_played": 261,
    "conn_country": "ES",
    "ip_addr": "83.32.46.119",
    "master_metadata_track_name": null,
    "master_metadata_album_artist_name": null,
    "master_metadata_album_album_name": null,
    "spotify_track_uri": null,
    "episode_name": "220. La Ruina (con Aníbal Gómez)",
    "episode_show_name": "La Ruina",
    "spotify_episode_uri": "spotify:episode:0q6pM2wUrBjBDCi6VrWtRv",
    "audiobook_title": null,
    "audiobook_uri": null,
    "audiobook_chapter_uri": null,
    "audiobook_chapter_title": null,
    "reason_start": "unknown",
    "reason_end": "endplay",
    "shuffle": false,
    "skipped": true,
    "offline": false,
    "offline_timestamp": 1736250805,
    "incognito_mode": false
  },
  {
    "ts": "2025-01-19T11:47:53Z",
    "platform": "ios",
    "ms_played": 1280,
    "conn_country": "ES",
    "ip_addr": "83.32.85.128",
    "master_metadata_track_name": null,
    "master_metadata_album_artist_name": null,
    "master_metadata_album_album_name": null,
    "spotify_track_uri": null,
    "episode_name": "20 Hábitos para Transformar tu Vida y Alcanzar tus Metas | Patri Psicóloga Roca Project 2x25",
    "episode_show_name": "ROCA PROJECT",
    "spotify_episode_uri": "spotify:episode:0YxMU68Wq8N2jbK1syW2ax",
    "audiobook_title": null,
    "audiobook_uri": null,
    "audiobook_chapter_uri": null,
    "audiobook_chapter_title": null,
    "reason_start": "unknown",
    "reason_end": "unexpected-exit-while-paused",
    "shuffle": false,
    "skipped": false,
    "offline": false,
    "offline_timestamp": 1737030576,
    "incognito_mode": false
  },
  {
    "ts": "2025-01-25T07:28:38Z",
    "platform": "ios",
    "ms_played": 0,
    "conn_country": "ES",
    "ip_addr": "31.4.137.158",
    "master_metadata_track_name": null,
    "master_metadata_album_artist_name": null,
    "master_metadata_album_album_name": null,
    "spotify_track_uri": null,
    "episode_name": "¿Somos INMORTALES? Vida Más Allá de la Vida - Ignacio Rabadán | ROCA PROJECT 2x26",
    "episode_show_name": "ROCA PROJECT",
    "spotify_episode_uri": "spotify:episode:7tTdvpGoZvNZhVmdRkS2rQ",
    "audiobook_title": null,
    "audiobook_uri": null,
    "audiobook_chapter_uri": null,
    "audiobook_chapter_title": null,
    "reason_start": "unknown",
    "reason_end": "endplay",
    "shuffle": false,
    "skipped": true,
    "offline": false,
    "offline_timestamp": 1737790118,
    "incognito_mode": false
  },
  {
    "ts": "2025-01-26T09:29:37Z",
    "platform": "ios",
    "ms_played": 11764,
    "conn_country": "ES",
    "ip_addr": "31.4.129.170",
    "master_metadata_track_name": null,
    "master_metadata_album_artist_name": null,
    "master_metadata_album_album_name": null,
    "spotify_track_uri": null,
    "episode_name": "Cover lo serás tú, episodio 1: Las Covers",
    "episode_show_name": "Cover Lo Serás Tú",
    "spotify_episode_uri": "spotify:episode:0yMsiRwxnIkoGJf3Ul1kTE",
    "audiobook_title": null,
    "audiobook_uri": null,
    "audiobook_chapter_uri": null,
    "audiobook_chapter_title": null,
    "reason_start": "unknown",
    "reason_end": "endplay",
    "shuffle": false,
    "skipped": true,
    "offline": false,
    "offline_timestamp": 1737883467,
    "incognito_mode": false
  },
  {
    "ts": "2025-02-05T19:11:49Z",
    "platform": "ios",
    "ms_played": 5024,
    "conn_country": "ES",
    "ip_addr": "31.4.134.34",
    "master_metadata_track_name": null,
    "master_metadata_album_artist_name": null,
    "master_metadata_album_album_name": null,
    "spotify_track_uri": null,
    "episode_name": "El Fundador de Glovo Rompe su Silencio",
    "episode_show_name": "NUDE PROJECT PODCAST",
    "spotify_episode_uri": "spotify:episode:5lbgFlxGOP54IuF5VSwQiE",
    "audiobook_title": null,
    "audiobook_uri": null,
    "audiobook_chapter_uri": null,
    "audiobook_chapter_title": null,
    "reason_start": "unknown",
    "reason_end": "endplay",
    "shuffle": false,
    "skipped": true,
    "offline": false,
    "offline_timestamp": 1738782704,
    "incognito_mode": false
  },
  {
    "ts": "2025-02-05T19:12:05Z",
    "platform": "ios",
    "ms_played": 4994,
    "conn_country": "ES",
    "ip_addr": "31.4.134.34",
    "master_metadata_track_name": null,
    "master_metadata_album_artist_name": null,
    "master_metadata_album_album_name": null,
    "spotify_track_uri": null,
    "episode_name": "El Fundador de Glovo Rompe su Silencio",
    "episode_show_name": "NUDE PROJECT PODCAST",
    "spotify_episode_uri": "spotify:episode:5lbgFlxGOP54IuF5VSwQiE",
    "audiobook_title": null,
    "audiobook_uri": null,
    "audiobook_chapter_uri": null,
    "audiobook_chapter_title": null,
    "reason_start": "unknown",
    "reason_end": "endplay",
    "shuffle": false,
    "skipped": true,
    "offline": false,
    "offline_timestamp": 1738782720,
    "incognito_mode": false
  }
]